{
  "loss": [
    5221.51806640625,
    1291.7435302734375,
    599.5092163085938,
    452.6629333496094,
    376.07086181640625,
    319.1649475097656,
    298.9593200683594,
    280.85089111328125
  ],
  "mae": [
    60.335296630859375,
    28.266775131225586,
    18.990909576416016,
    16.105236053466797,
    14.689641952514648,
    13.455204010009766,
    13.025031089782715,
    12.606789588928223
  ],
  "val_loss": [
    2435.60498046875,
    657.3648071289062,
    405.6672668457031,
    274.5970764160156,
    293.0318908691406,
    299.30133056640625,
    328.6744384765625,
    320.2021789550781
  ],
  "val_mae": [
    40.109012603759766,
    22.8221435546875,
    17.256895065307617,
    13.170371055603027,
    12.506063461303711,
    13.973726272583008,
    14.283827781677246,
    13.774408340454102
  ]
}