{
  "loss": [
    2790.83056640625,
    537.1649169921875,
    506.4776916503906,
    464.3954162597656,
    400.56072998046875,
    353.70758056640625,
    326.13909912109375,
    303.7530517578125,
    284.6214294433594,
    278.4357604980469,
    264.67529296875
  ],
  "mae": [
    39.284698486328125,
    17.707687377929688,
    17.115312576293945,
    16.3617000579834,
    15.157642364501953,
    14.278209686279297,
    13.770590782165527,
    13.318512916564941,
    12.92779541015625,
    12.766590118408203,
    12.452535629272461
  ],
  "val_loss": [
    450.9394226074219,
    473.5580139160156,
    496.2843933105469,
    587.750244140625,
    574.8212280273438,
    754.7167358398438,
    581.8655395507812,
    737.5894165039062,
    654.8287963867188,
    598.7175903320312,
    624.0838012695312
  ],
  "val_mae": [
    16.499134063720703,
    16.536481857299805,
    17.694198608398438,
    18.489011764526367,
    18.475387573242188,
    21.392818450927734,
    17.982582092285156,
    19.301443099975586,
    19.077219009399414,
    18.131715774536133,
    18.06573486328125
  ]
}