{
  "loss": [
    5317.87109375,
    740.8433227539062,
    486.65234375,
    445.0238037109375,
    407.18170166015625,
    364.8744812011719,
    321.0125732421875,
    283.8782043457031,
    273.70367431640625,
    260.7218322753906,
    265.3241882324219,
    242.5362091064453,
    246.873046875,
    236.61962890625,
    230.93408203125,
    226.94480895996094,
    228.42372131347656
  ],
  "mae": [
    61.29798889160156,
    21.821178436279297,
    17.04068374633789,
    16.134260177612305,
    15.372628211975098,
    14.57241153717041,
    13.728514671325684,
    12.908166885375977,
    12.666206359863281,
    12.412909507751465,
    12.507669448852539,
    11.952014923095703,
    12.114733695983887,
    11.746109962463379,
    11.706768989562988,
    11.488054275512695,
    11.583499908447266
  ],
  "val_loss": [
    1627.5838623046875,
    315.1866760253906,
    340.90313720703125,
    291.4068908691406,
    298.0508728027344,
    470.7306213378906,
    276.8844909667969,
    362.3006896972656,
    329.0596923828125,
    417.2902526855469,
    349.3682861328125,
    367.16961669921875,
    358.25579833984375,
    305.1389465332031,
    381.4654235839844,
    363.6549072265625,
    289.43084716796875
  ],
  "val_mae": [
    35.1610107421875,
    13.765719413757324,
    13.607701301574707,
    12.191282272338867,
    13.984502792358398,
    17.339221954345703,
    12.518948554992676,
    13.195265769958496,
    12.351850509643555,
    16.816129684448242,
    13.07227611541748,
    12.93469524383545,
    12.82345962524414,
    12.650014877319336,
    14.792537689208984,
    13.419792175292969,
    12.069482803344727
  ]
}