{
  "loss": [
    2895.87060546875,
    532.2921752929688,
    396.60455322265625,
    331.9761047363281,
    290.2195739746094,
    273.0599365234375,
    252.70538330078125,
    241.1152801513672,
    231.9801483154297,
    228.82252502441406,
    220.4807586669922,
    215.68368530273438,
    213.74935913085938,
    210.47100830078125,
    209.848388671875
  ],
  "mae": [
    40.49374008178711,
    17.690750122070312,
    15.091744422912598,
    13.826339721679688,
    12.946455001831055,
    12.536767959594727,
    12.125438690185547,
    11.786628723144531,
    11.577127456665039,
    11.494403839111328,
    11.29638957977295,
    11.130518913269043,
    11.100761413574219,
    10.971057891845703,
    10.9737548828125
  ],
  "val_loss": [
    498.3222961425781,
    495.2247619628906,
    453.8860778808594,
    512.75439453125,
    447.58807373046875,
    498.71490478515625,
    491.1961364746094,
    482.30511474609375,
    479.29180908203125,
    459.55535888671875,
    514.9453735351562,
    516.7359008789062,
    486.5841064453125,
    524.3619384765625,
    508.4923095703125
  ],
  "val_mae": [
    18.31045913696289,
    16.907533645629883,
    16.3659610748291,
    17.179157257080078,
    15.61186408996582,
    16.689632415771484,
    15.520584106445312,
    15.748367309570312,
    16.20590591430664,
    15.617700576782227,
    16.11475944519043,
    16.85803985595703,
    16.032320022583008,
    16.79544448852539,
    16.443862915039062
  ]
}